Version Object ID,URL Type,speckle_type,Object ID,Model URL,data.ObjectType,Размеры.Площадь,Размеры.Объем,Размеры.Длина
1545fc86e4d0655ed6c6e549ff65a254,Branch,IFCMEMBER,005b38c894c9f04854bbc4f0c886f0e0,https://app.speckle.systems/streams/0082eaa837,"Rectangular Mullion:1.5"" x 2.5"" rectangular","1,003748462","0,076383343","2,933120385"
1545fc86e4d0655ed6c6e549ff65a254,Branch,IFCMEMBER,00ac48a46f9473136c2be4bdcba4149e,https://app.speckle.systems/streams/0082eaa837,"Rectangular Mullion:1.5"" x 2.5"" rectangular","0,755208333","0,056966146","2,1875"
1545fc86e4d0655ed6c6e549ff65a254,Branch,IFCMEMBER,00d17edf649f6d6bc0eb9758521e5bc1,https://app.speckle.systems/streams/0082eaa837,"Rectangular Mullion:1.5"" x 2.5"" rectangular","0,526041667","0,0390625","1,5"
1545fc86e4d0655ed6c6e549ff65a254,Branch,IFCMEMBER,01ae7b1df958462c33e7b03f197eeae5,https://app.speckle.systems/streams/0082eaa837,"Rectangular Mullion:1.5"" x 2.5"" rectangular","1,026041667","0,078125",3
1545fc86e4d0655ed6c6e549ff65a254,Branch,IFCMEMBER,022db3abb24fe334d580fd8f1415e861,https://app.speckle.systems/streams/0082eaa837,"Rectangular Mullion:1.5"" x 2.5"" rectangular","1,003748462","0,076383343","2,933120385"
1545fc86e4d0655ed6c6e549ff65a254,Branch,IFCMEMBER,063f7e25201e9079779c419fa5cf8444,https://app.speckle.systems/streams/0082eaa837,"Rectangular Mullion:1.5"" x 2.5"" rectangular","0,378472222","0,027533637","1,057291667"
1545fc86e4d0655ed6c6e549ff65a254,Branch,IFCMEMBER,066bfad0c1a5f89adb4f8a784e43069c,https://app.speckle.systems/streams/0082eaa837,"Rectangular Mullion:1.5"" x 2.5"" rectangular","1,026041667","0,078125",3
1545fc86e4d0655ed6c6e549ff65a254,Branch,IFCMEMBER,079e4851b429612e42b88525aa7b64ed,https://app.speckle.systems/streams/0082eaa837,"Rectangular Mullion:1.5"" x 2.5"" rectangular","1,026041667","0,078125",3
1545fc86e4d0655ed6c6e549ff65a254,Branch,IFCMEMBER,0b590adc28f8473e23cd234b547d8f2d,https://app.speckle.systems/streams/0082eaa837,"Rectangular Mullion:1.5"" x 2.5"" rectangular","1,003748462","0,076383343","2,933120385"
1545fc86e4d0655ed6c6e549ff65a254,Branch,IFCMEMBER,0c653f1c347ff08191d8751e98553488,https://app.speckle.systems/streams/0082eaa837,"Rectangular Mullion:1.5"" x 2.5"" rectangular","1,026041667","0,078125",3
1545fc86e4d0655ed6c6e549ff65a254,Branch,IFCMEMBER,0ce1e4a0d8d87fa62dd9bf9de2679251,https://app.speckle.systems/streams/0082eaa837,"Rectangular Mullion:1.5"" x 2.5"" rectangular","0,734375","0,055338542","2,125"
1545fc86e4d0655ed6c6e549ff65a254,Branch,IFCMEMBER,0d4232a22a216fcd5ccf8e43573521fa,https://app.speckle.systems/streams/0082eaa837,"Rectangular Mullion:1.5"" x 2.5"" rectangular","0,378472222","0,027533637","1,057291667"
1545fc86e4d0655ed6c6e549ff65a254,Branch,IFCMEMBER,0d5ae49909a2b0dd48a0da4afb8f82f0,https://app.speckle.systems/streams/0082eaa837,"Rectangular Mullion:1.5"" x 2.5"" rectangular","0,546875","0,040690104","1,5625"
1545fc86e4d0655ed6c6e549ff65a254,Branch,IFCMEMBER,0ef1942c0b5533f452bdfd8d8c3a47ba,https://app.speckle.systems/streams/0082eaa837,"Rectangular Mullion:1.5"" x 2.5"" rectangular","1,003748462","0,076383343","2,933120385"
1545fc86e4d0655ed6c6e549ff65a254,Branch,IFCMEMBER,0fb5c9a92c26b24df54c857f9599a4b0,https://app.speckle.systems/streams/0082eaa837,"Rectangular Mullion:1.5"" x 2.5"" rectangular","1,003748462","0,076383343","2,933120385"
1545fc86e4d0655ed6c6e549ff65a254,Branch,IFCMEMBER,10f68e21ade2c33971f488452e7b09f9,https://app.speckle.systems/streams/0082eaa837,"Rectangular Mullion:1.5"" x 2.5"" rectangular","1,003748462","0,076383343","2,933120385"
1545fc86e4d0655ed6c6e549ff65a254,Branch,IFCMEMBER,11d7fff58d1950240d75615f77c3dc62,https://app.speckle.systems/streams/0082eaa837,"Rectangular Mullion:1.5"" x 2.5"" rectangular","1,026041667","0,078125",3
1545fc86e4d0655ed6c6e549ff65a254,Branch,IFCMEMBER,1599e7216dccd4340818e8f0a930093c,https://app.speckle.systems/streams/0082eaa837,"Rectangular Mullion:1.5"" x 2.5"" rectangular","1,026041667","0,078125",3
1545fc86e4d0655ed6c6e549ff65a254,Branch,IFCMEMBER,15a6818270f9b91278f65b38b0be0cf8,https://app.speckle.systems/streams/0082eaa837,"Rectangular Mullion:1.5"" x 2.5"" rectangular","1,00513391","0,076491582","2,93727673"
1545fc86e4d0655ed6c6e549ff65a254,Branch,IFCMEMBER,1abd496f4333ff9ae79d1d34d191c00f,https://app.speckle.systems/streams/0082eaa837,"Rectangular Mullion:1.5"" x 2.5"" rectangular","1,00513391","0,076491582","2,93727673"
1545fc86e4d0655ed6c6e549ff65a254,Branch,IFCMEMBER,1b00aa18259173b7f224e1d62468e1bf,https://app.speckle.systems/streams/0082eaa837,"Rectangular Mullion:1.5"" x 2.5"" rectangular","0,734375","0,055338542","2,125"
1545fc86e4d0655ed6c6e549ff65a254,Branch,IFCMEMBER,1be3c7fd3b67d667a7999348fabeeb58,https://app.speckle.systems/streams/0082eaa837,"Rectangular Mullion:1.5"" x 2.5"" rectangular","1,102430556","0,084092882","3,229166667"
1545fc86e4d0655ed6c6e549ff65a254,Branch,IFCMEMBER,1d9aefcfa5804a30b1986e99554413c9,https://app.speckle.systems/streams/0082eaa837,"Rectangular Mullion:1.5"" x 2.5"" rectangular","1,102430556","0,084092882","3,229166667"
1545fc86e4d0655ed6c6e549ff65a254,Branch,IFCMEMBER,1f44aa7d02b519ddc757f39ba2bb9396,https://app.speckle.systems/streams/0082eaa837,"Rectangular Mullion:1.5"" x 2.5"" rectangular","1,026041667","0,078125",3
1545fc86e4d0655ed6c6e549ff65a254,Branch,IFCMEMBER,24318d2481ca9bf45b5f721fdac5a9bc,https://app.speckle.systems/streams/0082eaa837,"Rectangular Mullion:1.5"" x 2.5"" rectangular","0,301444402","0,021515839","0,826208206"
1545fc86e4d0655ed6c6e549ff65a254,Branch,IFCMEMBER,25041dcdb815169dc6f3b27c78be48aa,https://app.speckle.systems/streams/0082eaa837,"Rectangular Mullion:1.5"" x 2.5"" rectangular","1,026041667","0,078125",3
1545fc86e4d0655ed6c6e549ff65a254,Branch,IFCMEMBER,263b0d4135246122f091ea8a8bfb576a,https://app.speckle.systems/streams/0082eaa837,"Rectangular Mullion:1.5"" x 2.5"" rectangular","1,00513391","0,076491582","2,93727673"
1545fc86e4d0655ed6c6e549ff65a254,Branch,IFCMEMBER,26d2753debe4503c34ed4c0a33f8eb7f,https://app.speckle.systems/streams/0082eaa837,"Rectangular Mullion:1.5"" x 2.5"" rectangular","1,026041667","0,078125",3
1545fc86e4d0655ed6c6e549ff65a254,Branch,IFCMEMBER,2735c96a4f0ef8b9e67ebce46851e0a7,https://app.speckle.systems/streams/0082eaa837,"Rectangular Mullion:1.5"" x 2.5"" rectangular","0,546875","0,040690104","1,5625"
1545fc86e4d0655ed6c6e549ff65a254,Branch,IFCMEMBER,2809a069d6bbe2d21af46e94b4cb36d2,https://app.speckle.systems/streams/0082eaa837,"Rectangular Mullion:1.5"" x 2.5"" rectangular","1,269345357","0,097133101","3,729911072"
1545fc86e4d0655ed6c6e549ff65a254,Branch,IFCMEMBER,28288bbcbb67ecc6033d62e93ea792cf,https://app.speckle.systems/streams/0082eaa837,"Rectangular Mullion:1.5"" x 2.5"" rectangular","1,269345357","0,097133101","3,729911072"
1545fc86e4d0655ed6c6e549ff65a254,Branch,IFCMEMBER,2b83bff7f72d61ae66ea6a92106d3c7c,https://app.speckle.systems/streams/0082eaa837,"Rectangular Mullion:1.5"" x 2.5"" rectangular","1,003748462","0,076383343","2,933120385"
1545fc86e4d0655ed6c6e549ff65a254,Branch,IFCMEMBER,2bc1b18fb7e7d17ba7ca2cce34650875,https://app.speckle.systems/streams/0082eaa837,"Rectangular Mullion:1.5"" x 2.5"" rectangular","0,526041667","0,0390625","1,5"
1545fc86e4d0655ed6c6e549ff65a254,Branch,IFCMEMBER,2c62c25d4ff80c5e31df2b2be0230d61,https://app.speckle.systems/streams/0082eaa837,"Rectangular Mullion:1.5"" x 2.5"" rectangular","1,003748462","0,076383343","2,933120385"
1545fc86e4d0655ed6c6e549ff65a254,Branch,IFCMEMBER,327e37c82439012ad0942143c6b12d09,https://app.speckle.systems/streams/0082eaa837,"Rectangular Mullion:1.5"" x 2.5"" rectangular","0,734375","0,055338542","2,125"
1545fc86e4d0655ed6c6e549ff65a254,Branch,IFCMEMBER,34de84b2236e4fdb35d815a443c051c3,https://app.speckle.systems/streams/0082eaa837,"Rectangular Mullion:1.5"" x 2.5"" rectangular","0,378472222","0,027533637","1,057291667"
1545fc86e4d0655ed6c6e549ff65a254,Branch,IFCMEMBER,38745ede5097608ec9a556d224a560b7,https://app.speckle.systems/streams/0082eaa837,"Rectangular Mullion:1.5"" x 2.5"" rectangular","0,036244665","0,000797109","0,030608994"
1545fc86e4d0655ed6c6e549ff65a254,Branch,IFCMEMBER,39399f0fbcb642e8dffa086536a62d7b,https://app.speckle.systems/streams/0082eaa837,"Rectangular Mullion:1.5"" x 2.5"" rectangular","0,546875","0,040690104","1,5625"
1545fc86e4d0655ed6c6e549ff65a254,Branch,IFCMEMBER,3ae8bcadf7298d544158cab2e38cc6f7,https://app.speckle.systems/streams/0082eaa837,"Rectangular Mullion:1.5"" x 2.5"" rectangular","1,003748462","0,076383343","2,933120385"
1545fc86e4d0655ed6c6e549ff65a254,Branch,IFCMEMBER,3b5ba9884a3b4eeb570343c606d1483e,https://app.speckle.systems/streams/0082eaa837,"Rectangular Mullion:1.5"" x 2.5"" rectangular","1,003748462","0,076383343","2,933120385"
1545fc86e4d0655ed6c6e549ff65a254,Branch,IFCMEMBER,3cd8cb2ed2ca915bd579d6add01bb5ac,https://app.speckle.systems/streams/0082eaa837,"Rectangular Mullion:1.5"" x 2.5"" rectangular","1,102430556","0,084092882","3,229166667"
1545fc86e4d0655ed6c6e549ff65a254,Branch,IFCMEMBER,3d3189b820b41f62102f827974744f9c,https://app.speckle.systems/streams/0082eaa837,"Rectangular Mullion:1.5"" x 2.5"" rectangular","1,00513391","0,076491582","2,93727673"
1545fc86e4d0655ed6c6e549ff65a254,Branch,IFCMEMBER,44ab18ca6294cc932b9426e7ee084d9b,https://app.speckle.systems/streams/0082eaa837,"Rectangular Mullion:1.5"" x 2.5"" rectangular","0,378472222","0,027533637","1,057291667"
1545fc86e4d0655ed6c6e549ff65a254,Branch,IFCMEMBER,457a8794ce5349051b0c6856610904fb,https://app.speckle.systems/streams/0082eaa837,"Rectangular Mullion:1.5"" x 2.5"" rectangular","1,081597222","0,082465278","3,166666667"
1545fc86e4d0655ed6c6e549ff65a254,Branch,IFCMEMBER,459a3c8c9492363031372dfe5543ed52,https://app.speckle.systems/streams/0082eaa837,"Rectangular Mullion:1.5"" x 2.5"" rectangular","1,003748462","0,076383343","2,933120385"
1545fc86e4d0655ed6c6e549ff65a254,Branch,IFCMEMBER,4850bd529c9c452477667f9b5a77a7dc,https://app.speckle.systems/streams/0082eaa837,"Rectangular Mullion:1.5"" x 2.5"" rectangular","0,301444402","0,021515839","0,826208206"
1545fc86e4d0655ed6c6e549ff65a254,Branch,IFCMEMBER,48c33bf88cf65c413b9aba5f8bb87697,https://app.speckle.systems/streams/0082eaa837,"Rectangular Mullion:1.5"" x 2.5"" rectangular","1,026041667","0,078125",3
1545fc86e4d0655ed6c6e549ff65a254,Branch,IFCMEMBER,48f1e33f49f528b538367c049a481aed,https://app.speckle.systems/streams/0082eaa837,"Rectangular Mullion:1.5"" x 2.5"" rectangular","0,546875","0,040690104","1,5625"
1545fc86e4d0655ed6c6e549ff65a254,Branch,IFCMEMBER,493349ce9fde9ec3fefc2a63c18ffeea,https://app.speckle.systems/streams/0082eaa837,"Rectangular Mullion:1.5"" x 2.5"" rectangular","1,269345357","0,097133101","3,729911072"
1545fc86e4d0655ed6c6e549ff65a254,Branch,IFCMEMBER,49f83a5103a3afc8c4b21e134b0e73b2,https://app.speckle.systems/streams/0082eaa837,"Rectangular Mullion:1.5"" x 2.5"" rectangular","0,032986111","0,000542535","0,020833333"
1545fc86e4d0655ed6c6e549ff65a254,Branch,IFCMEMBER,4a87c4e4d5895fea58b02e719dd9a487,https://app.speckle.systems/streams/0082eaa837,"Rectangular Mullion:1.5"" x 2.5"" rectangular","0,036244665","0,000797109","0,030608994"
1545fc86e4d0655ed6c6e549ff65a254,Branch,IFCMEMBER,4b822b7b217735a3973dd4cae420d7a4,https://app.speckle.systems/streams/0082eaa837,"Rectangular Mullion:1.5"" x 2.5"" rectangular","1,081597222","0,082465278","3,166666667"
1545fc86e4d0655ed6c6e549ff65a254,Branch,IFCMEMBER,4c3017562a834a47adf917cade3c5a2e,https://app.speckle.systems/streams/0082eaa837,"Rectangular Mullion:1.5"" x 2.5"" rectangular","1,026041667","0,078125",3
1545fc86e4d0655ed6c6e549ff65a254,Branch,IFCMEMBER,4d610e14f57a6fca0e769ebea65dae45,https://app.speckle.systems/streams/0082eaa837,"Rectangular Mullion:1.5"" x 2.5"" rectangular","1,003748462","0,076383343","2,933120385"
1545fc86e4d0655ed6c6e549ff65a254,Branch,IFCMEMBER,5041e4b795ada2d56429ad7a8a8a964a,https://app.speckle.systems/streams/0082eaa837,"Rectangular Mullion:1.5"" x 2.5"" rectangular","0,301444402","0,021515839","0,826208206"
1545fc86e4d0655ed6c6e549ff65a254,Branch,IFCMEMBER,50f92e0ad7f2ecfc051cf7743f5cc299,https://app.speckle.systems/streams/0082eaa837,"Rectangular Mullion:1.5"" x 2.5"" rectangular","0,036244665","0,000797109","0,030608994"
1545fc86e4d0655ed6c6e549ff65a254,Branch,IFCMEMBER,510d42d88d594663d8e2586b7ec31e23,https://app.speckle.systems/streams/0082eaa837,"Rectangular Mullion:1.5"" x 2.5"" rectangular","1,003748462","0,076383343","2,933120385"
1545fc86e4d0655ed6c6e549ff65a254,Branch,IFCMEMBER,511c2d3526d3d38c220627f428997824,https://app.speckle.systems/streams/0082eaa837,"Rectangular Mullion:1.5"" x 2.5"" rectangular","1,003748462","0,076383343","2,933120385"
1545fc86e4d0655ed6c6e549ff65a254,Branch,IFCMEMBER,53eb16181f1685977302df7eef72021a,https://app.speckle.systems/streams/0082eaa837,"Rectangular Mullion:1.5"" x 2.5"" rectangular","1,026041667","0,078125",3
1545fc86e4d0655ed6c6e549ff65a254,Branch,IFCMEMBER,5430f09656297ebafd934a73564af77c,https://app.speckle.systems/streams/0082eaa837,"Rectangular Mullion:1.5"" x 2.5"" rectangular","1,003748462","0,076383343","2,933120385"
1545fc86e4d0655ed6c6e549ff65a254,Branch,IFCMEMBER,57351ef215c956fe8ee6a81deebe44d0,https://app.speckle.systems/streams/0082eaa837,"Rectangular Mullion:1.5"" x 2.5"" rectangular","0,032986111","0,000542535","0,020833333"
1545fc86e4d0655ed6c6e549ff65a254,Branch,IFCMEMBER,577a235db7915f248a30ac6c68ddd4fb,https://app.speckle.systems/streams/0082eaa837,"Rectangular Mullion:1.5"" x 2.5"" rectangular","1,00513391","0,076491582","2,93727673"
1545fc86e4d0655ed6c6e549ff65a254,Branch,IFCMEMBER,58bb9a223693fcb9a22464119a63e06f,https://app.speckle.systems/streams/0082eaa837,"Rectangular Mullion:1.5"" x 2.5"" rectangular","0,378472222","0,027533637","1,057291667"
1545fc86e4d0655ed6c6e549ff65a254,Branch,IFCMEMBER,58c1c294cd670c28309f2dfa4f10dae7,https://app.speckle.systems/streams/0082eaa837,"Rectangular Mullion:1.5"" x 2.5"" rectangular","0,526041667","0,0390625","1,5"
1545fc86e4d0655ed6c6e549ff65a254,Branch,IFCMEMBER,5e0eb7dbdaa5df595616468cd2056799,https://app.speckle.systems/streams/0082eaa837,"Rectangular Mullion:1.5"" x 2.5"" rectangular","1,026041667","0,078125",3
1545fc86e4d0655ed6c6e549ff65a254,Branch,IFCMEMBER,6017c78d0585dad7482c30fc95318d29,https://app.speckle.systems/streams/0082eaa837,"Rectangular Mullion:1.5"" x 2.5"" rectangular","1,003748462","0,076383343","2,933120385"
1545fc86e4d0655ed6c6e549ff65a254,Branch,IFCMEMBER,602f7e0e4a0ea9605b9013a25c90058c,https://app.speckle.systems/streams/0082eaa837,"Rectangular Mullion:1.5"" x 2.5"" rectangular","0,036244665","0,000797109","0,030608994"
1545fc86e4d0655ed6c6e549ff65a254,Branch,IFCMEMBER,6136c9eff3d926ad72b88068d4489501,https://app.speckle.systems/streams/0082eaa837,"Rectangular Mullion:1.5"" x 2.5"" rectangular","0,357638889","0,025906033","0,994791667"
1545fc86e4d0655ed6c6e549ff65a254,Branch,IFCMEMBER,62713e4a8f0ce0efa3d1d8b6f787c459,https://app.speckle.systems/streams/0082eaa837,"Rectangular Mullion:1.5"" x 2.5"" rectangular","1,269345357","0,097133101","3,729911072"
1545fc86e4d0655ed6c6e549ff65a254,Branch,IFCMEMBER,68ed8343e460834cf59b209316f52ff9,https://app.speckle.systems/streams/0082eaa837,"Rectangular Mullion:1.5"" x 2.5"" rectangular","1,00513391","0,076491582","2,93727673"
1545fc86e4d0655ed6c6e549ff65a254,Branch,IFCMEMBER,69d98d931be2b9b93bad992cee909d39,https://app.speckle.systems/streams/0082eaa837,"Rectangular Mullion:1.5"" x 2.5"" rectangular","1,102430556","0,084092882","3,229166667"
1545fc86e4d0655ed6c6e549ff65a254,Branch,IFCMEMBER,6cbcd08d9408698c92fa3f2a448a134b,https://app.speckle.systems/streams/0082eaa837,"Rectangular Mullion:1.5"" x 2.5"" rectangular","1,026041667","0,078125",3
1545fc86e4d0655ed6c6e549ff65a254,Branch,IFCMEMBER,6f78ee0b5b3033ec77dde4bb5455670b,https://app.speckle.systems/streams/0082eaa837,"Rectangular Mullion:1.5"" x 2.5"" rectangular","0,032986111","0,000542535","0,020833333"
1545fc86e4d0655ed6c6e549ff65a254,Branch,IFCMEMBER,6fec46ed5a614303cb648d5641d34d65,https://app.speckle.systems/streams/0082eaa837,"Rectangular Mullion:1.5"" x 2.5"" rectangular","1,026041667","0,078125",3
1545fc86e4d0655ed6c6e549ff65a254,Branch,IFCMEMBER,7072fbcc86ea11b78de642ce7ba85f06,https://app.speckle.systems/streams/0082eaa837,"Rectangular Mullion:1.5"" x 2.5"" rectangular","0,755208333","0,056966146","2,1875"
1545fc86e4d0655ed6c6e549ff65a254,Branch,IFCMEMBER,709c2348d8bf24c07e6970fcad1f7ab2,https://app.speckle.systems/streams/0082eaa837,"Rectangular Mullion:1.5"" x 2.5"" rectangular","1,003748462","0,076383343","2,933120385"
1545fc86e4d0655ed6c6e549ff65a254,Branch,IFCMEMBER,722fd1cd8a9c03f59c57df4b1ca1d2f3,https://app.speckle.systems/streams/0082eaa837,"Rectangular Mullion:1.5"" x 2.5"" rectangular","0,357638889","0,025906033","0,994791667"
1545fc86e4d0655ed6c6e549ff65a254,Branch,IFCMEMBER,76bdeb62400b65c66bbb6eab8d3f83e4,https://app.speckle.systems/streams/0082eaa837,"Rectangular Mullion:1.5"" x 2.5"" rectangular","1,003748462","0,076383343","2,933120385"
1545fc86e4d0655ed6c6e549ff65a254,Branch,IFCMEMBER,7e7a89fca1a0f487a330330a1d8527e3,https://app.speckle.systems/streams/0082eaa837,"Rectangular Mullion:1.5"" x 2.5"" rectangular","1,003748462","0,076383343","2,933120385"
1545fc86e4d0655ed6c6e549ff65a254,Branch,IFCMEMBER,814d9cc5750d0f8fbf7085244de31981,https://app.speckle.systems/streams/0082eaa837,"Rectangular Mullion:1.5"" x 2.5"" rectangular","1,026041667","0,078125",3
1545fc86e4d0655ed6c6e549ff65a254,Branch,IFCMEMBER,817318aac46684cacb5df23a06d40a5a,https://app.speckle.systems/streams/0082eaa837,"Rectangular Mullion:1.5"" x 2.5"" rectangular","0,301444402","0,021515839","0,826208206"
1545fc86e4d0655ed6c6e549ff65a254,Branch,IFCMEMBER,8543bacaadd63ec3e975250f15026755,https://app.speckle.systems/streams/0082eaa837,"Rectangular Mullion:1.5"" x 2.5"" rectangular","1,026041667","0,078125",3
1545fc86e4d0655ed6c6e549ff65a254,Branch,IFCMEMBER,85f4e8c1d88d9f82c933512b36f3a692,https://app.speckle.systems/streams/0082eaa837,"Rectangular Mullion:1.5"" x 2.5"" rectangular","0,036244665","0,000797109","0,030608994"
1545fc86e4d0655ed6c6e549ff65a254,Branch,IFCMEMBER,875c2f2d2d9c6e818fbd22bdd0826e28,https://app.speckle.systems/streams/0082eaa837,"Rectangular Mullion:1.5"" x 2.5"" rectangular","1,026041667","0,078125",3
1545fc86e4d0655ed6c6e549ff65a254,Branch,IFCMEMBER,8b71272dddd27d04f83b4e31efa3150b,https://app.speckle.systems/streams/0082eaa837,"Rectangular Mullion:1.5"" x 2.5"" rectangular","1,081597222","0,082465278","3,166666667"
1545fc86e4d0655ed6c6e549ff65a254,Branch,IFCMEMBER,8ccd714dde676a3a0938924e68f462f4,https://app.speckle.systems/streams/0082eaa837,"Rectangular Mullion:1.5"" x 2.5"" rectangular","1,003748462","0,076383343","2,933120385"
1545fc86e4d0655ed6c6e549ff65a254,Branch,IFCMEMBER,8ec24b2c3f5a1506e96da76cedddeafc,https://app.speckle.systems/streams/0082eaa837,"Rectangular Mullion:1.5"" x 2.5"" rectangular","0,301444402","0,021515839","0,826208206"
1545fc86e4d0655ed6c6e549ff65a254,Branch,IFCMEMBER,8f7fe94b884f01ebf34f91c35f74ebd0,https://app.speckle.systems/streams/0082eaa837,"Rectangular Mullion:1.5"" x 2.5"" rectangular","1,026041667","0,078125",3
1545fc86e4d0655ed6c6e549ff65a254,Branch,IFCMEMBER,90aadd804ae6a2920d5733b36290dc2f,https://app.speckle.systems/streams/0082eaa837,"Rectangular Mullion:1.5"" x 2.5"" rectangular","0,378472222","0,027533637","1,057291667"
1545fc86e4d0655ed6c6e549ff65a254,Branch,IFCMEMBER,93493be2ef3c6197f19e0ea315a4b575,https://app.speckle.systems/streams/0082eaa837,"Rectangular Mullion:1.5"" x 2.5"" rectangular","0,032986111","0,000542535","0,020833333"
1545fc86e4d0655ed6c6e549ff65a254,Branch,IFCMEMBER,9369701b3ebd9763745117670e8f4328,https://app.speckle.systems/streams/0082eaa837,"Rectangular Mullion:1.5"" x 2.5"" rectangular","1,026041667","0,078125",3
1545fc86e4d0655ed6c6e549ff65a254,Branch,IFCMEMBER,943c72ecabde85435c358b77bd3bd2eb,https://app.speckle.systems/streams/0082eaa837,"Rectangular Mullion:1.5"" x 2.5"" rectangular","0,378472222","0,027533637","1,057291667"
1545fc86e4d0655ed6c6e549ff65a254,Branch,IFCMEMBER,9477a30b4738a4efd9810b8308298df5,https://app.speckle.systems/streams/0082eaa837,"Rectangular Mullion:1.5"" x 2.5"" rectangular","1,269345357","0,097133101","3,729911072"
1545fc86e4d0655ed6c6e549ff65a254,Branch,IFCMEMBER,96fb66fad3d4663e9d8d25ac05d3db41,https://app.speckle.systems/streams/0082eaa837,"Rectangular Mullion:1.5"" x 2.5"" rectangular","1,026041667","0,078125",3
1545fc86e4d0655ed6c6e549ff65a254,Branch,IFCMEMBER,99d06ba7cacf7d0d480b15d7c0331ea0,https://app.speckle.systems/streams/0082eaa837,"Rectangular Mullion:1.5"" x 2.5"" rectangular","1,003748462","0,076383343","2,933120385"
1545fc86e4d0655ed6c6e549ff65a254,Branch,IFCMEMBER,9b87cc109bc72efeaa56eef1bcee201b,https://app.speckle.systems/streams/0082eaa837,"Rectangular Mullion:1.5"" x 2.5"" rectangular","0,755208333","0,056966146","2,1875"
1545fc86e4d0655ed6c6e549ff65a254,Branch,IFCMEMBER,9bb07c898a3e902befd52d2e27334a77,https://app.speckle.systems/streams/0082eaa837,"Rectangular Mullion:1.5"" x 2.5"" rectangular","1,003748462","0,076383343","2,933120385"
1545fc86e4d0655ed6c6e549ff65a254,Branch,IFCMEMBER,9bc32426e1c421b78a5061a415a7dd48,https://app.speckle.systems/streams/0082eaa837,"Rectangular Mullion:1.5"" x 2.5"" rectangular","1,003748462","0,076383343","2,933120385"
1545fc86e4d0655ed6c6e549ff65a254,Branch,IFCMEMBER,9d31a01147c9bf803c445e99f07477d8,https://app.speckle.systems/streams/0082eaa837,"Rectangular Mullion:1.5"" x 2.5"" rectangular","0,378472222","0,027533637","1,057291667"
1545fc86e4d0655ed6c6e549ff65a254,Branch,IFCMEMBER,a4432e90fe6bd08078805231394db523,https://app.speckle.systems/streams/0082eaa837,"Rectangular Mullion:1.5"" x 2.5"" rectangular","1,003748462","0,076383343","2,933120385"
1545fc86e4d0655ed6c6e549ff65a254,Branch,IFCMEMBER,a44cc04d61596b9784777b0375c4146e,https://app.speckle.systems/streams/0082eaa837,"Rectangular Mullion:1.5"" x 2.5"" rectangular","0,526041667","0,0390625","1,5"
1545fc86e4d0655ed6c6e549ff65a254,Branch,IFCMEMBER,a66249b58a61b3eff6b22dc72d8f95ab,https://app.speckle.systems/streams/0082eaa837,"Rectangular Mullion:1.5"" x 2.5"" rectangular","1,026041667","0,078125",3
1545fc86e4d0655ed6c6e549ff65a254,Branch,IFCMEMBER,a7d7f8322a4df3ae5433aa00a9fcf49e,https://app.speckle.systems/streams/0082eaa837,"Rectangular Mullion:1.5"" x 2.5"" rectangular","1,081597222","0,082465278","3,166666667"
1545fc86e4d0655ed6c6e549ff65a254,Branch,IFCMEMBER,a93e58a10d5b64e26e76b2c70a50ffe0,https://app.speckle.systems/streams/0082eaa837,"Rectangular Mullion:1.5"" x 2.5"" rectangular","1,003748462","0,076383343","2,933120385"
1545fc86e4d0655ed6c6e549ff65a254,Branch,IFCMEMBER,a99b31ea21a5763c15f17dba3b2dc747,https://app.speckle.systems/streams/0082eaa837,"Rectangular Mullion:1.5"" x 2.5"" rectangular","0,546875","0,040690104","1,5625"
1545fc86e4d0655ed6c6e549ff65a254,Branch,IFCMEMBER,aae72bcae21bdedfbbad90105e725fe0,https://app.speckle.systems/streams/0082eaa837,"Rectangular Mullion:1.5"" x 2.5"" rectangular","1,003748462","0,076383343","2,933120385"
1545fc86e4d0655ed6c6e549ff65a254,Branch,IFCMEMBER,ab06afbc1228a54090e0183cc675d70c,https://app.speckle.systems/streams/0082eaa837,"Rectangular Mullion:1.5"" x 2.5"" rectangular","0,032986111","0,000542535","0,020833333"
1545fc86e4d0655ed6c6e549ff65a254,Branch,IFCMEMBER,abddb47e5cab0d1bb3f8585a18db955e,https://app.speckle.systems/streams/0082eaa837,"Rectangular Mullion:1.5"" x 2.5"" rectangular","0,032986111","0,000542535","0,020833333"
1545fc86e4d0655ed6c6e549ff65a254,Branch,IFCMEMBER,ad511bcdbc10ad675277514ee2312ea5,https://app.speckle.systems/streams/0082eaa837,"Rectangular Mullion:1.5"" x 2.5"" rectangular","0,734375","0,055338542","2,125"
1545fc86e4d0655ed6c6e549ff65a254,Branch,IFCMEMBER,b4651e8da5f85bd63c733d9a6a7bf888,https://app.speckle.systems/streams/0082eaa837,"Rectangular Mullion:1.5"" x 2.5"" rectangular","0,378472222","0,027533637","1,057291667"
1545fc86e4d0655ed6c6e549ff65a254,Branch,IFCMEMBER,b4899436926d5be2490f351834057581,https://app.speckle.systems/streams/0082eaa837,"Rectangular Mullion:1.5"" x 2.5"" rectangular","0,546875","0,040690104","1,5625"
1545fc86e4d0655ed6c6e549ff65a254,Branch,IFCMEMBER,b57d81afe1685ba5939dc1e1dc24323e,https://app.speckle.systems/streams/0082eaa837,"Rectangular Mullion:1.5"" x 2.5"" rectangular","1,026041667","0,078125",3
1545fc86e4d0655ed6c6e549ff65a254,Branch,IFCMEMBER,b7fab7724ff7cb276da9c9f782d70762,https://app.speckle.systems/streams/0082eaa837,"Rectangular Mullion:1.5"" x 2.5"" rectangular","0,546875","0,040690104","1,5625"
1545fc86e4d0655ed6c6e549ff65a254,Branch,IFCMEMBER,bc147a0f14abd6b2c419bdf5523209cc,https://app.speckle.systems/streams/0082eaa837,"Rectangular Mullion:1.5"" x 2.5"" rectangular","0,546875","0,040690104","1,5625"
1545fc86e4d0655ed6c6e549ff65a254,Branch,IFCMEMBER,bedf323424865a34cc4581ff431a8cd6,https://app.speckle.systems/streams/0082eaa837,"Rectangular Mullion:1.5"" x 2.5"" rectangular","1,269345357","0,097133101","3,729911072"
1545fc86e4d0655ed6c6e549ff65a254,Branch,IFCMEMBER,c12ef28cbb5ac6a5572eff10613bb818,https://app.speckle.systems/streams/0082eaa837,"Rectangular Mullion:1.5"" x 2.5"" rectangular","1,003748462","0,076383343","2,933120385"
1545fc86e4d0655ed6c6e549ff65a254,Branch,IFCMEMBER,c283839814ccef421135455504956bca,https://app.speckle.systems/streams/0082eaa837,"Rectangular Mullion:1.5"" x 2.5"" rectangular","0,301444402","0,021515839","0,826208206"
1545fc86e4d0655ed6c6e549ff65a254,Branch,IFCMEMBER,c527bbf27be71040f4c74eb027e42d40,https://app.speckle.systems/streams/0082eaa837,"Rectangular Mullion:1.5"" x 2.5"" rectangular","0,546875","0,040690104","1,5625"
1545fc86e4d0655ed6c6e549ff65a254,Branch,IFCMEMBER,c59ed9fd7f85ceb95a9cb24fe6616177,https://app.speckle.systems/streams/0082eaa837,"Rectangular Mullion:1.5"" x 2.5"" rectangular","0,301444402","0,021515839","0,826208206"
1545fc86e4d0655ed6c6e549ff65a254,Branch,IFCMEMBER,c6a2b4a3071d9cdd2040fdc9bf6d07da,https://app.speckle.systems/streams/0082eaa837,"Rectangular Mullion:1.5"" x 2.5"" rectangular","0,036244665","0,000797109","0,030608994"
1545fc86e4d0655ed6c6e549ff65a254,Branch,IFCMEMBER,c7c46b1dcc5dda5da949c7a3bb394112,https://app.speckle.systems/streams/0082eaa837,"Rectangular Mullion:1.5"" x 2.5"" rectangular","0,546875","0,040690104","1,5625"
1545fc86e4d0655ed6c6e549ff65a254,Branch,IFCMEMBER,ca8e0be27af5c114c94a7532f0ccfc1e,https://app.speckle.systems/streams/0082eaa837,"Rectangular Mullion:1.5"" x 2.5"" rectangular","1,003748462","0,076383343","2,933120385"
1545fc86e4d0655ed6c6e549ff65a254,Branch,IFCMEMBER,cce323358d982df9809b453e5e29a2fb,https://app.speckle.systems/streams/0082eaa837,"Rectangular Mullion:1.5"" x 2.5"" rectangular","1,026041667","0,078125",3
1545fc86e4d0655ed6c6e549ff65a254,Branch,IFCMEMBER,cd3f95f0e6fe0c6cde0108325c9b9293,https://app.speckle.systems/streams/0082eaa837,"Rectangular Mullion:1.5"" x 2.5"" rectangular","1,026041667","0,078125",3
1545fc86e4d0655ed6c6e549ff65a254,Branch,IFCMEMBER,ce2b5ae920a1e1bc8580a03b0ff99ca4,https://app.speckle.systems/streams/0082eaa837,"Rectangular Mullion:1.5"" x 2.5"" rectangular","1,00513391","0,076491582","2,93727673"
1545fc86e4d0655ed6c6e549ff65a254,Branch,IFCMEMBER,cf45b68abf391a3f0d8058d18471dc4a,https://app.speckle.systems/streams/0082eaa837,"Rectangular Mullion:1.5"" x 2.5"" rectangular","0,357638889","0,025906033","0,994791667"
1545fc86e4d0655ed6c6e549ff65a254,Branch,IFCMEMBER,d1450136564e293e5e20b25faaae0ff3,https://app.speckle.systems/streams/0082eaa837,"Rectangular Mullion:1.5"" x 2.5"" rectangular","1,003748462","0,076383343","2,933120385"
1545fc86e4d0655ed6c6e549ff65a254,Branch,IFCMEMBER,d503472b1a9559e942ff84c763026d41,https://app.speckle.systems/streams/0082eaa837,"Rectangular Mullion:1.5"" x 2.5"" rectangular","0,546875","0,040690104","1,5625"
1545fc86e4d0655ed6c6e549ff65a254,Branch,IFCMEMBER,d5694496b50a7d2f9e4789193d82f811,https://app.speckle.systems/streams/0082eaa837,"Rectangular Mullion:1.5"" x 2.5"" rectangular","0,032986111","0,000542535","0,020833333"
1545fc86e4d0655ed6c6e549ff65a254,Branch,IFCMEMBER,d5ce611908e716825886d23819d03929,https://app.speckle.systems/streams/0082eaa837,"Rectangular Mullion:1.5"" x 2.5"" rectangular","0,036244665","0,000797109","0,030608994"
1545fc86e4d0655ed6c6e549ff65a254,Branch,IFCMEMBER,da7e68307de322b9be2d8ca3ced5dc75,https://app.speckle.systems/streams/0082eaa837,"Rectangular Mullion:1.5"" x 2.5"" rectangular","0,036244665","0,000797109","0,030608994"
1545fc86e4d0655ed6c6e549ff65a254,Branch,IFCMEMBER,deafcf31b87d913e2c5069f6d4641b52,https://app.speckle.systems/streams/0082eaa837,"Rectangular Mullion:1.5"" x 2.5"" rectangular","1,003748462","0,076383343","2,933120385"
1545fc86e4d0655ed6c6e549ff65a254,Branch,IFCMEMBER,dec6d81dabaceae50649d3f8d3c20b8b,https://app.speckle.systems/streams/0082eaa837,"Rectangular Mullion:1.5"" x 2.5"" rectangular","1,269345357","0,097133101","3,729911072"
1545fc86e4d0655ed6c6e549ff65a254,Branch,IFCMEMBER,e12873f9515d8b16f605ec3948be3771,https://app.speckle.systems/streams/0082eaa837,"Rectangular Mullion:1.5"" x 2.5"" rectangular","0,378472222","0,027533637","1,057291667"
1545fc86e4d0655ed6c6e549ff65a254,Branch,IFCMEMBER,e4595460ec6ce94c6812abc07fcc1fbf,https://app.speckle.systems/streams/0082eaa837,"Rectangular Mullion:1.5"" x 2.5"" rectangular","1,00513391","0,076491582","2,93727673"
1545fc86e4d0655ed6c6e549ff65a254,Branch,IFCMEMBER,e4fac30d8c1e2ceea968b4feeb70947e,https://app.speckle.systems/streams/0082eaa837,"Rectangular Mullion:1.5"" x 2.5"" rectangular","0,357638889","0,025906033","0,994791667"
1545fc86e4d0655ed6c6e549ff65a254,Branch,IFCMEMBER,e6c32039665a910d7040f2f63490fca2,https://app.speckle.systems/streams/0082eaa837,"Rectangular Mullion:1.5"" x 2.5"" rectangular","0,378472222","0,027533637","1,057291667"
1545fc86e4d0655ed6c6e549ff65a254,Branch,IFCMEMBER,e898767ad4beb6f21dd00928bac0e10c,https://app.speckle.systems/streams/0082eaa837,"Rectangular Mullion:1.5"" x 2.5"" rectangular","1,003748462","0,076383343","2,933120385"
1545fc86e4d0655ed6c6e549ff65a254,Branch,IFCMEMBER,e8f756190235d0ffd747b24d228c88ec,https://app.speckle.systems/streams/0082eaa837,"Rectangular Mullion:1.5"" x 2.5"" rectangular","1,269345357","0,097133101","3,729911072"
1545fc86e4d0655ed6c6e549ff65a254,Branch,IFCMEMBER,ea0096c86a7ac77095c082f588a9bf19,https://app.speckle.systems/streams/0082eaa837,"Rectangular Mullion:1.5"" x 2.5"" rectangular","0,301444402","0,021515839","0,826208206"
1545fc86e4d0655ed6c6e549ff65a254,Branch,IFCMEMBER,eb9120b4ca36f1887e6dcc88febdced7,https://app.speckle.systems/streams/0082eaa837,"Rectangular Mullion:1.5"" x 2.5"" rectangular","0,546875","0,040690104","1,5625"
1545fc86e4d0655ed6c6e549ff65a254,Branch,IFCMEMBER,ec37fd741e9794ffc10c464fed82045c,https://app.speckle.systems/streams/0082eaa837,"Rectangular Mullion:1.5"" x 2.5"" rectangular","1,026041667","0,078125",3
1545fc86e4d0655ed6c6e549ff65a254,Branch,IFCMEMBER,f27d106a9dffcd05aa165df7894e696f,https://app.speckle.systems/streams/0082eaa837,"Rectangular Mullion:1.5"" x 2.5"" rectangular","1,026041667","0,078125",3
1545fc86e4d0655ed6c6e549ff65a254,Branch,IFCMEMBER,f310bcb14584d5bad1ca9e86443e1044,https://app.speckle.systems/streams/0082eaa837,"Rectangular Mullion:1.5"" x 2.5"" rectangular","0,378472222","0,027533637","1,057291667"
1545fc86e4d0655ed6c6e549ff65a254,Branch,IFCMEMBER,fbedf00617597c54819d82b7c40de7ef,https://app.speckle.systems/streams/0082eaa837,"Rectangular Mullion:1.5"" x 2.5"" rectangular","1,026041667","0,078125",3
1545fc86e4d0655ed6c6e549ff65a254,Branch,IFCMEMBER,fd0a156449e6f530641642964b839762,https://app.speckle.systems/streams/0082eaa837,"Rectangular Mullion:1.5"" x 2.5"" rectangular","0,755208333","0,056966146","2,1875"
1545fc86e4d0655ed6c6e549ff65a254,Branch,IFCMEMBER,fdbb6e569edb89e63f1923c517310c33,https://app.speckle.systems/streams/0082eaa837,"Rectangular Mullion:1.5"" x 2.5"" rectangular","0,032986111","0,000542535","0,020833333"
1545fc86e4d0655ed6c6e549ff65a254,Branch,IFCMEMBER,fde3c41b269a7c9fc54407e974475423,https://app.speckle.systems/streams/0082eaa837,"Rectangular Mullion:1.5"" x 2.5"" rectangular","1,003748462","0,076383343","2,933120385"
